{
  "chapter_1": [
    {
      "question": "1. In Estate Planning there are many views and approaches taken. Which of the following is not true? \n\nA. It is common for many Malaysians to avoid estate planning \n\nB. Writing a Will is adequate for estate planning purposes \n\nC. People generally tend to avoid estate planning because it is a complex subject. \n\nD. Preservation of the estate is a key objective in estate planning",
      "answer": "B"
    },
    {
      "question": "2. The various steps in the process of estate planning ensure that all issues are covered. Which of the following sequence in the process is correct? \n\nA. Set Objectives – Gather information – Implement – Develop a plan – Review \n\nB. Set Objectives – Gather information – Review – Implement – Develop a plan \n\nC. Gather information – Set Objectives – Review – Implement – Develop a plan \n\nD. Set Objectives – Gather information – Develop a plan – Implement – Review",
      "answer": "D"
    },
    {
      "question": "3. The following statement(s) is/are not correct: \n\nI. Accumulation, Conservation and Distribution are issues that a person needs to address in his life-time. \n\nII. Assets held in joint names are not considered as part of the estate of a deceased co-owner. \n\nIII. Debts, royalties and rights to compensation damages are included in an estate of a deceased. \n\n\nA. I only \n\nB. II only \n\nC. III only \n\nD. All the above",
      "answer": "B"
    },
    {
      "question": "4. There are many purposes of estate planning, which of the following statement(s) is/are correct? \n\nI. Ensure liquidity for cost of transfer fees and expenses \n\nII. Assets are sufficient to meet objectives \n\nIII. Minimise depleting the value of assets \n\nA. I only \n\nB. II only \n\nC. III only \n\nD. All the above",
      "answer": "D"
    },
    {
      "question": "5. Included in the several phases of estate planning are various considerations. Which of the following is not correct? \n\nA. Ensure that a desired lifestyle is definitely possible \n\nB. Wealth creation is the logical start for estate planning \n\nC. Life insurance helps in wealth creation \n\nD. Estate shrinkage can be due to unpaid income taxes",
      "answer": "A"
    },
    {
      "question": "6. Upon death, the property of a deceased estate owner passes to other in a number of ways. Which of the following is/are correct? \n\nA. By validating the will through the courts \n\nB. By assignment of title of immovable assets \n\nC. By mechanism of survivorship \n\nD. All the above",
      "answer": "D"
    },
    {
      "question": "7. During the Implementation stage of the estate plan, which of the following is not important? \n\nA. Execution of all necessary legal documents \n\nB. Ensure marital stability and family harmony \n\nC. Provide for liquidity emergencies \n\nD. Objectives of estate owner and mechanisms must be consistent",
      "answer": "B"
    },
    {
      "question": "8. Concerning ownership of property, which statement is not correct? \n\nA. Under term interest, the right to process, use and derive income ceases at the end of the term \n\nB. The holder of an unlimited interest in the property has outright ownership \n\nC. Participants in a tenancy in common have survivorship rights \n\nD. Participants in a joint tenancy have survivorship rights",
      "answer": "C"
    },
    {
      "question": "9. The following statements are about objectives of an estate plan. Which of the statement(s) is/are correct? \n\nI. The ultimate purpose of an estate plan is to facilitate the transfer of beneficial interest of the assets to the trustees \n\nII. It is important to understand the needs of each beneficiary in order to match the most appropriate distribution item. \n\nIII. Beneficiaries need to await completion of the probate or administration process before receiving the distribution. \n\nA. I and II only \n\nB. II and III only \n\nC. I and III only \n\nD. All of the above",
      "answer": "B"
    },
    {
      "question": "10. Which one of the following is not an Estate Planning tool. \n\nA. Will \n\nB. Trust \n\nC. Tenancy Agreement \n\nD. Power of Attorney",
      "answer": "C"
    }
  ],
  "chapter_2": [
    {
      "question": "1. The following statements relate to Probate Estates. Which of the statement(s) is/are correct? \n\nI. The Will determines the distribution of all the assets of the deceased \n\nII. Probate estate encompasses all property passed to others by a Will. \n\nIII. The law that prescribes the rules for the grant of representation in Malaysia is the Distribution (Amendment) Act 1997. \n\nA. I only \n\nB. II only \n\nC. III only \n\nD. All of the above",
      "answer": "B"
    },
    {
      "question": "2. The probate process proves the validity of the Will and it addresses many issues. Which one of the following is not correct? \n\nI. Settlement of the estate \n\nII. Distribution of the entire assets of the deceased \n\nIII. Avoids disputes pertaining to the deceased owner's Will \n\nIV. Appointment of personal representatives of the estate \n\nA. I only \n\nB. II only \n\nC. III only \n\nD. IV only",
      "answer": "B"
    },
    {
      "question": "3. Which one of the following statements is not correct? \n\nI. If an estate owner dies without a valid will, all probate property passes under the laws of intestate succession. \n\nII. Non-probate property are those that are passed on to beneficiaries by operation of law or by contract. \n\nIII. Life insurance policies assigned either conditionally or absolutely to third parties are non-probate assets. \n\nIV. Tenancy in common is an example of transfer by operation of law. \n\nA. I only \n\nB. II only \n\nC. III only \n\nD. IV only",
      "answer": "D"
    },
    {
      "question": "4. A number of legislations impact estate planning. Which of the following is no longer relevant? \n\nA. Wills Act 1959 (Revised 1998) \n\nB. Probate and Administration Act 1959 (revised 1972) \n\nC. Finance (Estate Duty) Act 1980 (Amended 1984) \n\nD. Distribution (Amendment) Act 1997",
      "answer": "C"
    },
    {
      "question": "5. The purposes of preparing a Will should be made known. Which of the statement(s) is/are correct? \n\nA. Ensuring the right people handle the testator's property. \n\nB. Ensuring the right people receive the property. \n\nC. Ensuring a smooth transfer of the deceased's property. \n\nD. All the above are correct.",
      "answer": "D"
    },
    {
      "question": "6. With reference to the validity of a Will for Non-Muslims which of the statement(s) is/are correct? \n\nI. All Wills must fully comply with the provisions of the Wills Act 1959. \n\nII. The testator must be of sound mind. \n\nIII. The Will must be in writing. \n\nA. I only \n\nB. II only \n\nC. III only \n\nD. All of the above",
      "answer": "D"
    },
    {
      "question": "7. Which of the following is not correct concerning Wills? \n\nA. A Will can also be made by persons aged less than 18. \n\nB. The mode of execution of the Will is a factor to take into account for a valid Will. \n\nC. Oral Will does not comply with the Wills Act 1959 \n\nD. There has to be two witnesses to the will.",
      "answer": "A"
    },
    {
      "question": "8. Which of these statement(s) is/are correct concerning Wills and Probate? \n\nA. The probate process is for the purpose of proving that the Will is valid. \n\nB. The probate process gets the Will and the executor named in the Will to be legally approved by the Court. \n\nC. There are specific rules and procedures to follow in the probate process. \n\nD. All of the above",
      "answer": "D"
    },
    {
      "question": "9. The Distribution Act 1958 (and the Amendment Act 1997) applies to   \n\nA. Peninsular Malaysia and Sabah only. \n\nB. Peninsular Malaysia and Sarawak only. \n\nC. Sabah and Sarawak only. \n\nD. The whole of Malaysia.",
      "answer": "B"
    },
    {
      "question": "10. When a testator signs a Will, the witnesses . \n\nA. Need to sign in isolation but do not need to read the Will. \n\nB. Need to sign in the presence of the testator but do not need to read the Will. \n\nC. Need to read the Will in the presence of each other \n\nD. Need to read the Will in the presence of the testator.",
      "answer": "B"
    }
  ],
  "chapter_3": [
    {
      "question": "1. For Muslims, estate planning may be more structured. Which of the following statement(s) \nis/are correct? \n\nI. The Wills Act 1959 does not apply to Muslims making a Will in Malaysia. \n\nII. For distribution of property the Syariah laws of the Shaffi School of Islamic Jurisprudence \napplies. \nIII. Property acquired during marriage is called Harta Sepencarian and will pass on to the \nsurviving spouse and children. \n\nA. I only \n\nB. II only \n\nC. III only \n\nD. All of the above",
      "answer": "C"
    },
    {
      "question": "2. The terminology used that relates to estate planning for Muslims include the following. Which \namongst the list is not correct? \n\nI. The Wasiat is a Muslim will. \n\nII. Gifts given away inter vivos is called Hibah. \n\nIII. Faraid refers to testate distribution of Muslim property. \n\nIV. Baitulmal refers to funds of the Muslim community \n\nA. I only \n\nB. II only \n\nC. III only \n\nD. IV only",
      "answer": "C"
    },
    {
      "question": "3. Which of the following of the hukum faraid distribution are correct? \n\nI. If the wife dies leaving a husband, son and daughter, the husband is entitled to ¼ of the \nestate, the son ½ and the daughter ¼. \nII. If there are no children and the husband survives the wife, the husband receives ½ of the \nestate and the balance goes to Baitulmal. \nIII. If the husband dies leaving a wife, son and daughter, the wife receives 1/8, the son 7/12, \nthe daughter 7/24. \n\nA. I only \n\nB. II only \n\nC. III only \n\nD. All are correct",
      "answer": "D"
    },
    {
      "question": "4. Muslims are advised to write a will. The main advantage is \n\nA. The entire estate may be given to non legal heirs if desired \n\nB. It would be easier to administer the estate because of the Probate process. \n\nC. The estate distribution need not follow hukum faraid principles \n\nD. At least two-thirds of the estate may be given to non-muslims if desired.",
      "answer": "B"
    },
    {
      "question": "5. With reference to administration of the estates of Muslim. Which of the following are true? \n\nI. The Wills Act 1959 applies to Muslims \n\nII. The Probate and Administration Act 1959 applies to Muslims \n\nIII. The Statutory Trust created by Paragraph 5 of Schedule 10 (Section 130) of Financial \nServices Act 2013 does not apply to Muslims \nIV. Muslims are not allowed to apply for administration under the Small Estates (Distribution) \nAct 1955. \n\nA. I and II only \n\nB. I and III only \n\nC. II and III only \n\nD. II and IV only",
      "answer": "C"
    },
    {
      "question": "6. Which of the following are true? \n\nI. Non-Muslims cannot inherit form the estate of a Muslim \n\nII. A Muslim testator can Will away at least one-quarter of his estate to non legal heirs. \n\nIII. By means of a valid disposition, a Muslim can give away less than one-third of his estate \nto Non-Muslims. \n\nA. I and II only \n\nB. I and III only \n\nC. II and III only \n\nD. All the above",
      "answer": "D"
    },
    {
      "question": "7. During their life-time, Muslims are allowed to give inter-vivos gifts. The following, except one \nare examples of such gifts \n\nA. Transfer of house \n\nB. Absolutely assignment of a life insurance policy \n\nC. Naming a nominee of life insurance policy moneys \n\nD. Irrevocable trusts",
      "answer": "C"
    },
    {
      "question": "8. The „Sijil Faraid‟ is \n\nA. Given by the High Court \n\nB. Equivalent to the Letters of Administration \n\nC. A Certificate confirming the benefit of the legal heirs \n\nD. A Distribution Order given by Amanah Raya Bhd",
      "answer": "C"
    },
    {
      "question": "9. Upon the death of a EPF contributor, who is a Muslim. The moneys are paid \n\nA. only upon obtaining the Sijil Faraid \n\nB. only after the Will has gone through the Probate process \n\nC. to the named nominee \n\nD. only to the administrator of the estate.",
      "answer": "C"
    },
    {
      "question": "10. Which one of the following features of the Islamic law of distribution is true? \n\nA. The wife of the deceased is always entitled to a quarter of the estate \n\nB. The husband of the deceased always inherits half the estate \n\nC. The wife of the deceased inherits the whole estate if she is the only legal heir surviving \n\nD. Where the deceased leaves one daughter as the only legal heir, she inherits only half the \nestate",
      "answer": "D"
    }
  ],
  "chapter_5": [
    {
      "question": "1. With reference to a Power of Attorney, which of the following statement(s) is/are \ncorrect? \n\nI. The Durable Power of Attorney authorises a trusted person to make financial decisions for \nan individual should the person become unable to do so himself. \n\nII. The person appointed in the Durable Power of Attorney is called the Attorney or Donee \n\nIII. The death or mental incapacity of the Donor revokes a simple Power of Attorney. \n\nIV. The death or legal incapacity or bankruptcy of the Donee revokes a Power of attorney. \n\nA. I and II only \n\nB. II and III only \n\nC. I and III only \n\nD. All of the above",
      "answer": "D"
    },
    {
      "question": "2. On matters relating to the Power of Attorney, which of these is not correct? \n\nI. A Power of Attorney can be made irrevocable or durable where there is valuable \nconsideration given and is expressed to be irrevocable. \nII. Where a Power of Attorney is made irrevocable for a fixed period it cannot be revoked by \nthe death of the donor during that period. \n\nIII. Under a General Power of Attorney the attorney can handle all the donor's insurance \nneeds and claims. \nIV. Under  a  General  Power  of  Attorney  the  attorney  cannot  file  tax  returns  and make \npayments. \n\nA. I only \n\nB. II only \n\nC. III only \n\nD. IV only",
      "answer": "D"
    },
    {
      "question": "3. What is a Power of Attorney? \n\nA. A power granted by Court to a Trustee to execute the Trust Deed \n\nB. An assignment by an assignor to an assignee \n\nC. A power granted by Court to an executor to execute the Will \n\nD. An instruction by which a Donor may formally authorise a Donee to act on his behalf or be \nhis agent.",
      "answer": "D"
    },
    {
      "question": "4. A Power of Attorney operates on the following principles:- \n\nA. Contractual Principles \n\nB. Tort Principles \n\nC. Trust Principles \n\nD. Agency Principles",
      "answer": "D"
    },
    {
      "question": "5. Which of the following usually revoke a Power of Attorney? \n\nI. Death \n\nII. Marriage \n\nIII. Divorce \n\nIV. Not in the country \n\nV. Bankruptcy \n\nA. IV only \n\nB. I and V only \n\nC. I and II and V only \n\nD. I and II and IV only",
      "answer": "B"
    },
    {
      "question": "6. In order to be valid a Power of Attorney must be registered/deposited with: \n\nA. Land Office \n\nB. High Court \n\nC. Department of Insolvency \n\nD. Amanah Raya Berhad",
      "answer": "B"
    },
    {
      "question": "7. The Authentication of a Power of Attorney must be done before either one of the following \npersons with the exception of: \n\nA. Magistrate \n\nB. Police Inspector \n\nC. Commissioner for Oaths \n\nD. Justice of Peace",
      "answer": "B"
    },
    {
      "question": "8. In what circumstances can a Power of Attorney be said to be irrevocable although the death or \ninsanity of the donor has occurred. \n\nI. Where valuable consideration has been made \n\nII. Where it is given to a lawyer \n\nIII. The power given is for a fixed period only \n\nIV. Where it is given to Amanah Raya Berhad \n\nA. I and III only \n\nB. II and IV only \n\nC. II and III only \n\nD. All of the above",
      "answer": "A"
    },
    {
      "question": "9. The following except one, are formalities that must be complied with, for a Power of Attorney \nto be valid \n\nA. Must be executed and authenticated before specific individuals \n\nB. Must be filed in the High Court \n\nC. Must always be revoked upon death of the Donor \n\nD. Must clearly specify the powers given to the Donee",
      "answer": "C"
    },
    {
      "question": "10. Common examples of the use of POA are all the following except \n\nA. Land transactions \n\nB. Partnerships \n\nC. Application of Grant of Representations overseas \n\nD. Bankruptcy Petitions",
      "answer": "D"
    }
  ],
  "chapter_6": [
    {
      "question": "1. The following statements concern Personal Representatives. Which of these are correct? \n\nI. A personal representative is always in a position of trust and this relates to the relationship between the appointed person(s) and the beneficiaries. \n\nII. A personal representative cannot be sued by the beneficiaries for breaches in duty \n\nIII. A personal representative is free to delegate any duty of his choosing for others to assist him. \nIV. Apersonal representative has to declare all potential conflicts of interest to the beneficiaries to avoid future misunderstandings. \n\nA. I and II only \n\nB. II and III only \n\nC. II and IV only \n\nD. I and IV only",
      "answer": "D"
    },
    {
      "question": "2. With reference to Personal Representatives, which one of the following statements is not correct? \n\nI. By law,  executors  or administrators  of an  estate are  personal  representatives  of  the estate. \n\nII. A female personal representative named in the will is called an Executrix. \n\nIII. Both executors and administrators have similar responsibilities when administering    the estate. \n\nIV. The minimum age to be appointed a personal representative is 21. \n\nA. I only \n\nB. II only \n\nC. III only \n\nD. IV only",
      "answer": "D"
    },
    {
      "question": "3. With reference to the power of Personal Representatives, which of the following statements(s) is/are correct? \n\nI. It is possible that an appointed person in a Will or by the court is both a trustee and a personal representative. \nII. Whether testacy or intestacy and before the estate is fully administered, the personal representative holds the estate vested in him for carrying out his functions. \nIII. During the administration period, the court can hold the personal representative both as trustee and executor or administrator as he holds legal title to the property. \nIV. If a trustee carries on the business left by the deceased estate owner, he does so at his own risk even if the beneficiaries allow him to do so. \n\nA. I and II only \n\nB. II and III only \n\nC. I and III only \n\nD. All of the above",
      "answer": "D"
    },
    {
      "question": "4. Trusts are useful instruments in estate planning, which one of the following statements is not correct? \n\nA. In a trust property, the beneficiary and the trustee jointly hold the legal title. \n\nB. In a trust property, beneficiary holds the beneficial interest to the property whilst the trustee the legal title. \n\nC. The original owner of the trust property is called the Settlor. \n\nD. The beneficiary has legally enforceable rights that enable them to defend and protect their interest in the trust.",
      "answer": "A"
    },
    {
      "question": "5. Which of these statement(s) is/are correct concerning the organising of the properties after the grant of probate is obtained? \n\nA. The executor needs to place all assets owned by the deceased under his control. \n\nB. The executor needs to settle all the deceased testator's debts and liabilities \n\nC. After all debts and liabilities have been settled, the executor must distribute the assets according to the wishes of the testator. \n\nD. All of the above",
      "answer": "D"
    },
    {
      "question": "6. Which of the following is/are correct with reference to settlement of debts and liabilities? \n\nA. Payable debts include both personal and business debts. \n\nB. The Trustees Act provides wide ranging powers to the executor to deal with the property of the deceased and claims against the estate. \n\nC. Payable debts are ranked with funeral first, and then testamentary expenses before creditors of the estate. \n\nD. All of the above",
      "answer": "D"
    },
    {
      "question": "7. The Distribution Act 1958 applies to the following with the exception of \n\nA. Peninsular Malaysia \n\nB. Sabah \n\nC. Sarawak \n\nD. Wilayah Persekutuan",
      "answer": "B"
    },
    {
      "question": "8. An executor de son tort is . \n\nA. The person appointed to administer the remainder of the estate upon the death, retirement or resignation of the Executor. \n\nB. The person appointed by the last Executor to replace him. \n\nC. The person appointed in the Will as the Executor. \n\nD. A person who acts in someway as if he is the Executor, intermeddling with the estate",
      "answer": "D"
    },
    {
      "question": "9. What type of application needs to be made when a person dies with a valid Will? \n\nA. Letters of Administration \n\nB. Grant of Probate \n\nC. Letter of Administration with Will Annexed \n\nD. Grant of Will",
      "answer": "B"
    },
    {
      "question": "10. If the personal representative is unsure of how to deal with the estate, who should the personal representative ask for direction? \n\nA. Close Friends of the family \n\nB. The Beneficiaries \n\nC. The Lawyer \n\nD. The Court",
      "answer": "D"
    }
  ],
  "chapter_7": [
    {
      "question": "1. Which of these statements is not correct concerning Life Insurance used in estate planning? \n\nA. Life insurance proceeds are considered part of the estate. \n\nB. Policies protected under statutory trusts are out of reach of creditors. \n\nC. Life insurance proceeds are liable to be taxed \n\nD. Life insurance may also provide for critical illnesses expenses that can erode the value of an estate. ",
      "answer": "C"
    },
    {
      "question": "2. Which of the statements below are correct with reference to the use of life insurance for estate planning? \n\nI. If the nominee is the brother of the insured, the brother will be considered the executor and must distribute the proceeds received in accordance with the Will of the insured. \nII. Policies held under statutory trusts cannot be assigned or pledge as security without the written consent of the trustee. \nIII. The Public Trustee will act only where there are no competent nominees and no surviving parent available to act as trustees concerning policy monies held under statutory trust. \n\nA. I and II only \n\nB. II and III only \n\nC. I and III only \n\nD. All are correct",
      "answer": "D"
    },
    {
      "question": "3. Concerning nomination in a life policy, all are correct, except: \n\nA. Subsequent nominations by the policy owner will revoke earlier nominations. \n\nB. Under Paragraph 5 (1) Of Schedule 10 of the FSA 2013, a statutory trust  is created for all Malaysians if the nominee is his parent, spouse or children. \n\nC. The Public Trustee may also be the trustee of policy moneys in some circumstances. \n\nD. Under Paragraph 5 (1) Of Schedule 10 of the FSA 2013, only the death claim proceeds are protected from the creditors. ",
      "answer": "B"
    },
    {
      "question": "4. Which of the following are true in life insurance policies? \n\nI. Only natural persons may be named as nominees \nII. When death claims are payable the insurer must pay the policy moneys to the nominees in full \nIII. \"Non-trust\" nominees shall receive policy moneys as executors of the estate of the deceased policy owner \nIV. If it is intended to give moneys beneficially to \"non-trust\" nominees, policy benefits must be assigned to such nominees. \n\nA. I and II only \n\nB. II and III only \n\nC. II and III and IV only \n\nD. All of the above",
      "answer": "D"
    },
    {
      "question": "5. Which of the following are true of Assignments? \n\nI. The legal effect of assignments is to transfer ownership or legal title to another \nII. May be Absolute or Conditional for the benefit of the assignee \nIII. Nominees of \"non-trust\" insurance policies will receive the policy moneys beneficially if the policy moneys are assigned in their favour otherwise they receive the moneys in the capacity of executors \nIV. When polices are assigned for the purpose of collateral, the insurer shall pay to the nominee the balance of moneys in excess of that which is necessary to satisfy the assignee \n\nA. I and II only \n\nB. II and III only \n\nC. II and III and IV only \n\nD. All of the above",
      "answer": "D"
    },
    {
      "question": "6. The following except one, are features of a statutory trust of life insurance for Non-Muslims \n\nA. Establishes a fund which is free from creditors \n\nB. The beneficiaries of a statutory trust are confined to parents, children and spouses. \n\nC. The receipt of trustees gives full discharge to insurers \n\nD. The policy owner‟s declaration in a will may be used to revoke the terms of the trust. ",
      "answer": "D"
    },
    {
      "question": "7. Which of the following is NOT applicable to absolute assignments? \n\nA. It may be used as a collateral for a loan \n\nB. It may be sold for the cash value of a life policy \n\nC. It may be used to create a gift of a life policy \n\nD. It may be revoked by the directions in a will",
      "answer": "D"
    },
    {
      "question": "8. A Conditional Assignment may be created to \n\nA. give rights to an assignee to claim the policy moneys upon the death of an assignor \n\nB. revert all rights to the assignor under certain conditions \n\nC. to give policy moneys to a named nominees beneficially \n\nD. all the above",
      "answer": "D"
    },
    {
      "question": "9. Which one of the following nominees in a life policy may not create a \"statutory trust\" \n\nA. daughter \n\nB. spouse \n\nC. adopted son \n\nD. mother",
      "answer": "D"
    },
    {
      "question": "10. A policy owner dies leaving his brother as a nominee of the policy moneys. Which one of the following is an accurate statement? \n\nA. The policy moneys are considered part of the estate to satisfy the deceased‟s debts. \n\nB. The brother is entitled to the moneys after paying all debts. \n\nC. The brother must apply for letter of administration to receive the claim. \n\nD. The wife of the deceased may also be recognised as a claimant by the insurance company. ",
      "answer": "A"
    }
  ],
  "chapter_8": [
    {
      "question": "1. For business owners in the planning of their estate involving Keyman protection and Buy-Sell \nagreements, which of the following is / are relevant? \n\nI. Partnership Act 1967 \n\nII. Companies Act 1965 \n\nIII. Registration of Business Act 1956 \n\nA. I only \n\nB. II only \n\nC. III only \n\nD. All of the above",
      "answer": "D"
    },
    {
      "question": "2. Settlement options for businesses are varied. Which of the statement(s) is/are correct? \n\nI. When a sole proprietor dies, the business entity legally ceases to exist. \n\nII. If a personal representative runs the business and fails, he will not be personally liable for \nthe losses. \n\nIII. A loss of value to the estate due to liquidation does not affect the legal representative \npersonally. \n\nA. I and II only \n\nB. II and III only \n\nC. I and III only \n\nD. None of the above",
      "answer": "C"
    },
    {
      "question": "3. Which of the following statement(s) is/are correct concerning Buy-Sell arrangements in a sole \nproprietorship? \n\nI. To avoid the risk of \"no suitable takers\" for a sole proprietorship, it may be prudent to pre- \narrange the sale of the business to an employee or an interested third party. \n\nII. Life insurance can be used to bind both parties in a proprietorship buy-sell agreement. \n\nIII. A key employee can rely on a continuing source of income upon the death of his boss \nshould he agree to a pre-arranged buy-sell agreement. \n\nA. I only \n\nB. II only \n\nC. III only \n\nD. All of the above",
      "answer": "D"
    },
    {
      "question": "4. With reference to liabilities in partnerships, which of the following is/are correct? \n\nI. All partners of a general partnership are exposed jointly to unlimited liabilities of the \nenterprise that is of a contractual nature. \n\nII. All partners are jointly and severally liable for wrongs, torts and crimes. \n\nIII. Having unlimited liability means the personal assets may be exposed by the partnership \nliabilities that go beyond the partner's capital contributions and their share of profits. \n\nIV. The estate of a deceased partner is not liable for the debts of the partnership incurred \nduring the time of the deceased partner's tenure. \n\nA. I and II only \n\nB. II and III only \n\nC. I and III only \n\nD. All of the above",
      "answer": "C"
    },
    {
      "question": "5. A company has a distinct and separate legal identity form the people who own or create it. \nHowever, should the principle shareholder die, there are many issues to consider. Which of the \nfollowing is/are correct? \n\nI. There may be conflict between the needs of the surviving shareholders and the widow of \nthe deceased shareholder. \n\nII. The surviving shareholders may buy over the shares of the deceased shareholder. \n\nIII. The surviving shareholders may try to continue the business with the deceased's family. \n\nIV. The surviving shareholders may sell their shares to the deceased's estate. \n\nA. I and II only \n\nB. II and III only \n\nC. III and I only \n\nD. All of the above",
      "answer": "D"
    },
    {
      "question": "6. Assuming a company is growth focused, which of the following is/are correct concerning issues \nfaced by widows of deceased shareholders? \n\nI. Upon the demise of a minority shareholder, the widow of the deceased shareholder can \ndemand dividend payments from the company and the company has to comply. \n\nII. The widow of a deceased majority shareholder can demand for dividend payments from \nthe company and the company is likely to comply. \n\nIII. The widow of a deceased equal shareholder can demand for dividend payments from the \ncompany and the company is likely to comply. \n\nIV. All of the above \n\nA. I only \n\nB. II only \n\nC. III only \n\nD. All of the above",
      "answer": "B"
    },
    {
      "question": "7. To overcome future problems for survivors of business owners, which of these statement(s) \nis/are correct? \n\nI. A Buy-Sell Agreement is a useful arrangement to overcome problems for survivors of \ndeceased business owners. \n\nII. A Buy-Sell Agreement provides shareholders with a fair price for their shares upon their \ndemise. \n\nIII. One important issue in a Buy-Sell Agreements is the determination of the source of the \nmoney when needed. \n\nIV. All of the above \n\nA. I only \n\nB. II only \n\nC. III only \n\nD. All of the above",
      "answer": "D"
    },
    {
      "question": "8. Which of the statement(s) is/are correct concerning the impact of death or disability of a Keyman \nto a business organisation? \n\nI. There can be loss of credit worthiness in the eyes of creditors. \n\nII. There may be a loss of goodwill. \n\nIII. The driving force and leadership of a keyman may be difficult to replace in a business \n\nIV. Employees of the business may suffer a loss of confidence. \n\nA. I and II only \n\nB. II and III only \n\nC. III and IV only \n\nD. All of the above",
      "answer": "D"
    },
    {
      "question": "9. Which of the statements is/are correct concerning Partnerships? \n\nI. A partnership exists as a separate legal entity \n\nII. In the absence of an agreement which provides for continuation, the death of a partner \nends the partnership as a business entity. \n\nIII. Partners in a partnership are agents for each other and thus can make each other liable \nfor business obligations contracted in a partnership. \n\nIV.   The unlimited liability of each and every partner is a major concern for the estate of each partner. \n\nA. All are correct except (I) \n\nB. All are correct except (II) \n\nC. All are correct except (III) \n\nD. All are correct except (IV)",
      "answer": "A"
    },
    {
      "question": "10. Which of the following statements are correct? \n\nI. Keyman insurance is considered an important business planning tool. \n\nII. Keyman insurance helps indemnify losses of the company. \n\nIII. Keyman insurance provides a business reserve fund. \n\nIV. Keyman insurance can help strengthen a business's credit status. \n\nA. I and II only \n\nB. III and IV \n\nC. III and I only \n\nD. All the above",
      "answer": "D"
    }
  ]
}
